;,Passenger,;,,,,,,,,,
1,Johnny Boy,johnnyboy@gmail.com,2,M,2/2/1993,;,,,,,
2,Mary Lim,marylim@hotmail.com,3,F,16/9/1998,;,,,,,
3,Caleb Speed,calebspeed@yahoo.com.sg,2,M,12/2/2007,;,,,,,
4, Patricia Khoo,patriciakhoo@gmail.com,4,F,10/5/1992,;,,,,,
5,Lesley Teo,lesleyteo@gmail.com,10,M,18/4/2000,;,,,,,
6,Adeline Tan,adelinetan@gmail.com,6,F,27/3/1998,;,,,,,
7,Amy Lin,amylin2001@gmail.com,7,F,3/9/2001,;,,,,,
8,Elaine Choo,Elainechoo@gmail.com,5,F,16/4/2000,;,,,,,
9,Tim Tam,Timtam@gmail.com,9,M,23/5/1990,;,,,,,
10,Jon Lee,Jonlee@gmail.com,3,M,25/9/1985,;,,,,,
11,Alec Benjamin,alecbenjamin@gmail.com,11,M,28/5/1994,;,,,,,
12,Sam Smith,samsmith@gmail.com,12,M,19/5/1992,;,,,,,
13,Lewis Capaldi,lewisCap@gmail.com,13,M,7/10/1996,;,,,,,
14,Julia Michaels,juliam@gmail.com,14,F,13/11/1993,;,,,,,
15,James Arthur,jamesarthur@gmail.com,16,M,2/3/1988,;,,,,,
16,Jaymes Young,jaymesyoung@gmail.com,15,M,1/9/1991,;,,,,,
17,Isaac Dunbar,isaacdun@gmail.com,17,M,17/3/2003,;,,,,,
18,Lyn Lapid,lynlapid@gmail.com,18,F,24/10/2001,;,,,,,
19,James Blunt,james_blunt@gmail.com,19,M,22/2/1974,;,,,,,
20,Ryan Woods,ryanwood1988@gmail.com,20,M,16/5/1988,;,,,,,
21,Marmar Oso,marmar@gmail.com,21,M,1/3/1999,;,,,,,
22,Jacob Banks,jacob_1991@gmail.com,22,M,24/6/1991,;,,,,,
23,Jack Rutter,rutter_1999@gmail.com,23,M,12/10/1999,;,,,,,
24,Sasha Alec Sloan,sashasloan@gmail.com,24,F,11/3/1995,;,,,,,
25,David Hugo,davidhugo2000@gmail.com,25,M,16/12/2000,;,,,,,
;,PassengerContact,;,,,,,,,,,
1,92920101,;,,,,,,,,,
2,92910430,;,,,,,,,,,
3,81010393,;,,,,,,,,,
4,91020092,;,,,,,,,,,
5,91203891,;,,,,,,,,,
6,84355937,;,,,,,,,,,
7,84757869,;,,,,,,,,,
8,94758855,;,,,,,,,,,
9,92746596,;,,,,,,,,,
10,85734737,;,,,,,,,,,
11,88475757,;,,,,,,,,,
12,99375758,;,,,,,,,,,
13,82943754,;,,,,,,,,,
14,88576468,;,,,,,,,,,
15,98375638,;,,,,,,,,,
16,89474782,;,,,,,,,,,
17,88535858,;,,,,,,,,,
18,98897747,;,,,,,,,,,
19,84834758,;,,,,,,,,,
20,84835735,;,,,,,,,,,
21,99375734,;,,,,,,,,,
22,82948573,;,,,,,,,,,
23,92847473,;,,,,,,,,,
24,82847357,;,,,,,,,,,
25,83867385,;,,,,,,,,,
;,EventType,;,,,,,,,,,
1,Competition,;,,,,,,,,,
2,Musical,;,,,,,,,,,
3,Movie,;,,,,,,,,,
4,Music Performance,;,,,,,,,,,
5,Workshops,;,,,,,,,,,
6,Dance Festival,;,,,,,,,,,
7,Seminars,;,,,,,,,,,
8,Trade Shows,;,,,,,,,,,
9,Carnival,;,,,,,,,,,
10,Exhibitions,;,,,,,,,,,
11,Beverage Function,;,,,,,,,,,
12,Games,;,,,,,,,,,
;,Event,;,,,,,,,,,
1,The Lost Kings,A play of the kings who lost their homes ,8,12,120,100,5,100,Deck 5,2,;
2,Les miserable,A story of Jean Valjean,10,14,120,200,5,100,Deck 10,2,;
3,Spooderman,A movie made by barvel,7,13,145,150,13,100,Deck 2,3,;
4,Cup Stacking Competition,Competition for anyone to participate,null,null,180,100,8,100,Deck 6,1,;
5,Tangled,"A musical about rapunzel, a naive little girl ",8,13,145,100,13,100,Deck 5,2,;
6,Paper folding workshop,A workshop for all to join to learn paper folding techniques,null,null,180,100,5,90,Deck 2,5,;
7,Titanic exhibition,An exhibition of the artifacts on the titanic,5,10,600,200,10,100,Deck 5,10,;
8,Beethoven Symphony,A musical performance of some of beethovan's symphonies,10,15,120,150,9,95,Deck 7,4,;
9,Bouncy Castle,A carnival for children to attend and have fun!,9,null,180,100,5,11,Deck 3,9,;
10,Venom,A movie by barvel of magical powers,10,14,145,100,13,80,Deck 2,3,;
11,Book Fair,A fair for all to purchase books of interest,null,null,600,500,null,null,Deck 5,8,;
12,Ticketed Cash Bar,Attendees have limited free drinks,null,null,120,150,21,null,Deck 6,11,;
13,Scavenger Hunt,Participants look to gather items listed,5,8,180,50,7,null,Deck 2,1,;
14,Dance-off,A dancing competition,null,5,120,100,5,null,Deck 9,1,;
15,Fashion Show,A display of trending outfits,null,10,120,200,10,null,Deck 10,10,;
;,Eatery,;,,,,,,,,,
1,10:00 PM,9:00 AM,100,Deck 3,Bfc,;,,,,,
2,10:00 PM,10:00 AM,200,Deck 4,Ackdonalds,;,,,,,
3,11:00 PM,11:00 AM,50,Deck 3,Goody bread,;,,,,,
4,11:00 PM,10:00 AM,150,Deck 4,Food Center,;,,,,,
5,10:00 PM,9:00 AM,75,Deck 1,Luke's Steakhouse,;,,,,,
6,12:00 AM,6:00 AM,100,Deck 2,The Day Place,;,,,,,
7,10:00 PM,8:00 AM,60,Deck 2,Arduino's,;,,,,,
8,11:00 PM,11:00 AM,40,Deck 4,Lim Kitchen,;,,,,,
9,2:00 AM,5:00 PM,50,Deck 3,Night Meals,;,,,,,
10,10:00 PM,10:00 AM,50,Deck 1,Heaven's Restaurant,;,,,,,
11,2:00 PM,4:00 AM,30,Deck 3,Rise n Shine,;,,,,,
12,8:00 PM,12:00 PM,40,Deck 5,Noma,;,,,,,
13,12:00 AM,2:00 PM,50,Deck 5,Casa Del Cibo,;,,,,,
14,8:00 PM,10:00 AM,50,Deck 2,Pujol,;,,,,,
15,6:00 AM,10:00 PM,40,Deck 3,The Den,;,,,,,
;,Cuisine,;,,,,,,,,,
1,Italian,;,,,,,,,,,
2,Scandinavian,;,,,,,,,,,
3,American,;,,,,,,,,,
4,Chinese,;,,,,,,,,,
5,French,;,,,,,,,,,
6,Greek,;,,,,,,,,,
7,Mediterranean,;,,,,,,,,,
8,Japanese,;,,,,,,,,,
9,Turkish,;,,,,,,,,,
10,Thai,;,,,,,,,,,
11,Indian,;,,,,,,,,,
12,Spanish,;,,,,,,,,,
13,Lebanese,;,,,,,,,,,
14,Moroccan,;,,,,,,,,,
15,Swedish,;,,,,,,,,,
;,Dish,;,,,,,,,,,
1,Carbonara,Creamy spaghetti with ham,1,5,;,,,,,,
2,Prime Sirloin Steak,Beautiful piece of steak with chips as,2,5,;,,,,,,
3,Cheeseburger,Beatiful beef patties with cheese between two,3,2,;,,,,,,
4,Chicken Rice,Chicken slices with a bowl of rice and soup,4,4,;,,,,,,
5,Spicy Fried Chicken,Fried chicken that is marinated in dif,3,1,;,,,,,,
6,Salmon Sashimi,Fresh slices of salmon with a drizzle of lemon juice,8,10,;,,,,,,
7,Tom Yum Soup,Sweet and sour soup with seafood,10,6,;,,,,,,
8,Kebabs,It is a deliciously cooked meat,9,7,;,,,,,,
9,Pastitsio,Greek lasagna that has a mix or meat pasta bechamel and tomato sauce topped with melted cheese,6,9,;,,,,,,
10,Pizza,Varieties of pizzas available,7,3,;,,,,,,
11,Fajitas,Grilled meat with peppers and onion,12,13,;,,,,,,
12,Key Lime Pie,Lime flavoured pie with meringue,3,11,;,,,,,,
13,Hash Browns,Fried chopped potatoes,3,2,;,,,,,,
14,Cobb Salad,Salad greens with meat and eggs,3,15,;,,,,,,
15,Pot Roast,Slow cooked beef,3,5,;,,,,,,
16,Pad krapow moo,Stir-fried basil and pork,10,12,;,,,,,,
17,Menemen,"Scrambled eggs with spices, onions and pepper",9,14,;,,,,,,
18,Sweet Roll,Wheat bun with almond paste,15,8,;,,,,,,
19,Som Tum,Spicy green papaya salad,10,15,;,,,,,,
20,Warak Enab,Ground beef in brined grape leaves,13,13,;,,,,,,
21,Cioppino,Seafood stew with tomatoes and wine,1,6,;,,,,,,
22,Clam Chowder,Clam soup with potatoes and onions,3,5,;,,,,,,
23,Chicken Makhani,Chicken with spiced tomato sauce,11,12,;,,,,,,
24,Meatballs,Ground meat rolled into balls,15,7,;,,,,,,
25,Chicken Bastilla,Chicken with spices in a pastry,14,13,;,,,,,,
;,FoodCategory,;,,,,,,,,,
1,Vegan,Food that is made out of purely greens or vegetables,;,,,,,,,,
2,Halal,Food that is suitable for muslim consumption,;,,,,,,,,
3,Meat or Poultry,Food that contains meat ,;,,,,,,,,
4,Whole Grains,Food that provides carbohydrates,;,,,,,,,,
5,Kosher,Food that is suitable for Jewish Consumption,;,,,,,,,,
6,Dairy-Free,Food without dairy products like cheese,;,,,,,,,,
7,Vegetarian,Food without slaughter of animals,;,,,,,,,,
8,Gluten-Free,Food without the protein gluten,;,,,,,,,,
9,Keto,"Low Carb, High fat food",;,,,,,,,,
10,Diabetic-Friendly,"Low fat, less sweet food",;,,,,,,,,
11,Seafood,Food that comes from the sea,;,,,,,,,,
;,Reservation,;,,,,,,,,,
1,Pending,5,15/2/2022 12:00,16/2/2022 12:00,1,1,;,,,,
2,Completed,5,8/1/2022 11:00,9/1/2022 11:00,2,2,;,,,,
3,Pending,2,9/2/2022 18:00,10/2/2022 18:00,3,5,;,,,,
4,Pending,3,19/2/2022 19:00,20/2/2022 19:00,4,4,;,,,,
5,Completed,1,11/1/2022,12/1/2022 15:00,5,3,;,,,,
6,Completed,4,20/2/2022 10:00,20/2/2022 18:00,6,7,;,,,,
7,Completed,2,16/2/2022 12:00,17/2/2022 12:00,7,10,;,,,,
8,Pending,4,9/2/2022 10:00,10/2/2022 4:00,8,9,;,,,,
9,Pending,1,6/2/2022 13:00,7/2/2022 13:00,9,6,;,,,,
10,Completed,5,8/1/2022 11:00,9/1/2022 11:00,10,2,;,,,,
11,Pending,5,10/2/2022 18:00,10/2/2022 6:00,3,12,;,,,,
12,Completed,2,5/1/2022 10:00,7/1/2022 19:00,11,14,;,,,,
13,Completed,1,19/1/2022 13:00 pm,20/2/2022 11:00,12,15,;,,,,
14,Pending,1,22/2/2022 6:00,23/2/2022 12:00pm,13,13,;,,,,
15,Completed,2,25/2/2022 1:00,27/2/2022 14:00,14,11,;,,,,
16,Pending,1,22/2/2022 13:00:00pm,22/2/2022 13:00:00pm,15,15,;,,,,
17,Completed,2,29/12/2021 13:00,29/12/2021 13:00,16,14,;,,,,
18,Completed,2,23/12/2021 10:00,23/12/2021 10:00,2,11,;,,,,
19,Pending,1,12/1/2022 13:00:00pm,12/2/2022 13:00:00pm,17,12,;,,,,
20,Completed,2,21/12/2021 12:00,21/12/2021 12:00,18,13,;,,,,
21,Pending,1,22/2/2022 15:00:00pm,22/2/2022 15:00:00pm,3,15,;,,,,
22,Pending,2,18/1/2022 13:00:00pm,18/2/2022 13:00:00pm,19,9,;,,,,
23,Completed,1,26/12/2021 10:00,26/12/2021 10:00,20,5,;,,,,
24,Pending ,1,15/1/2022 13:00:00pm,15/2/2022 13:00:00pm,21,4,;,,,,
25,Completed,2,25/12/2021 11:00,25/12/2021 11:00,22,8,;,,,,
;,EventSession,;,,,,,,,,,
1,1,15/2/2022,;,,,,,,,,
2,2,10/1/2022,;,,,,,,,,
3,3,11/2/2022 14:00 pm,;,,,,,,,,
4,4,3/1/2022 12:00,;,,,,,,,,
5,5,22/2/2022 17:00,;,,,,,,,,
6,6,17/1/2022 15:00,;,,,,,,,,
7,7,12/2/2022 12:00,;,,,,,,,,
8,8,25/1/2022 13:00,;,,,,,,,,
9,9,10/1/2022 13:00,;,,,,,,,,
10,10,12/2/2022 19:00,;,,,,,,,,
11,11,12/2/2022 10:00,;,,,,,,,,
12,12,14/2/2022 23:00,;,,,,,,,,
13,13,20/1/2022 13:00,;,,,,,,,,
14,14,25/1/2022 16:00,;,,,,,,,,
15,15,3/1/2022 20:00,;,,,,,,,,
16,2,16/1/2022  15:00:00 pm,;,,,,,,,,
17,3,11/2/2022 18:00 pm,;,,,,,,,,
18,4,13/1/2022 10:00,;,,,,,,,,
19,5,22/1/2022 16:00 pm,;,,,,,,,,
20,6,28/1/2022 14:00 pm,;,,,,,,,,
;,PassengerOrders,;,,,,,,,,,
1,10/1/2022 12:00,2,10/1/2022 11:00,2,30,1,;,,,,
2,2/1/2022 19:00,3,2/1/2022 18:00,1,15,4,;,,,,
3,10/1/2022 12:00,2,10/1/2022 11:00,2,30,1,;,,,,
4,7/1/2022 21:00,4,15/1/2022 20:00,1,20,2,;,,,,
5,17/1/2022 12:00,10,17/1/2022 10:00,1,11,3,;,,,,
6,8/1/2022 12:30,6,8/2/2022 11:30,1,7,7,;,,,,
7,22/1/2022 12:20,7,22/2/2022 11:20,1,12,5,;,,,,
8,13/1/2022 18:00,5,13/1/2022 17:00,1,13,8,;,,,,
9,11/1/2022 21:00,9,11/1/2022 20:30,1,20,10,;,,,,
10,10/1/2022,3,10/1/2022 11:00,2,30,1,;,,,,
11,7/1/2022 13:00 pm,11,7/1/2022 11:00,2,10,12,;,,,,
12,19/1/2022 19:00,12,19/1/2022 17:00 pm,1,11.5,11,;,,,,
13,23/1/2022 14:00 pm,13,23/1/2022 20:00 pm,1,15,15,;,,,,
14,11/1/2022 13:00 pm,14,11/1/2022 13:30 pm,1,2.5,13,;,,,,
15,13/1/2022 11:00,16,13/1/2022 13:00 pm,1,11.5,11,;,,,,
16,13/1/2022 11:00,15,13/1/2022 13:00 pm,1,20,13,;,,,,
17,11/1/2022 17:00,17,11/1/2022 17:30 pm,1,5,14,;,,,,
18,17/1/2022 15:00 pm,18,17/1/2022 20:00,1,5,16,;,,,,
19,24/1/2022 13:00 pm,19,24/1/2022 14:00 pm,1,3,18,;,,,,
20,10/1/2022 16:00 pm,20,10/1/2022 18:00 pm,1,10,20,;,,,,
;,Ingredient,;,,,,,,,,,
1,Beef,;,,,,,,,,,
2,Noodles,;,,,,,,,,,
3,Bread,;,,,,,,,,,
4,Potato,;,,,,,,,,,
5,Chicken,;,,,,,,,,,
6,Salmon,;,,,,,,,,,
7,Flour,;,,,,,,,,,
8,Egg,;,,,,,,,,,
9,Rice,;,,,,,,,,,
10,Butter,;,,,,,,,,,
11,Salt,;,,,,,,,,,
12,Olive oil,;,,,,,,,,,
13,Vegetable oil,;,,,,,,,,,
14,Pork,;,,,,,,,,,
15,Milk,;,,,,,,,,,
16,Mushrooms,;,,,,,,,,,
17,Peppers,;,,,,,,,,,
18,Onion,;,,,,,,,,,
19,Coconut,;,,,,,,,,,
20,Garlic,;,,,,,,,,,
21,Orange,;,,,,,,,,,
22,Cheeseburger,;,,,,,,,,,
23,Lamb,;,,,,,,,,,
24,Turkey,;,,,,,,,,,
25,Tomatoes,;,,,,,,,,,
26,Paprika,;,,,,,,,,,
27,Almond,;,,,,,,,,,
28,Clam ,;,,,,,,,,,
29,Mayonnaise,;,,,,,,,,,
30,Basil,;,,,,,,,,,
31,Cheese,;,,,,,,,,,
32,Papaya,;,,,,,,,,,
33,Bechamel,;,,,,,,,,,
34,Galangal,;,,,,,,,,,
35,Chili,;,,,,,,,,,
36,Guanciale,;,,,,,,,,,
37,Thyme,;,,,,,,,,,
38,Pickle,;,,,,,,,,,
39,Ginger,;,,,,,,,,,
40,Soy Sauce,;,,,,,,,,,
41,Salmon,;,,,,,,,,,
42,Prawns,;,,,,,,,,,
43,Fish,;,,,,,,,,,
44,Lime,;,,,,,,,,,
45,FishSauce,;,,,,,,,,,
46,Cream,;,,,,,,,,,
47,Sugar,;,,,,,,,,,
;,DishContains,;,,,,,,,,,
1,2,;,,,,,,,,,
2,1,;,,,,,,,,,
3,3,;,,,,,,,,,
5,4,;,,,,,,,,,
5,5,;,,,,,,,,,
6,6,;,,,,,,,,,
7,10,;,,,,,,,,,
8,8,;,,,,,,,,,
2,9,;,,,,,,,,,
10,10,;,,,,,,,,,
11,18,;,,,,,,,,,
12,10,;,,,,,,,,,
13,4,;,,,,,,,,,
14,13,;,,,,,,,,,
15,1,;,,,,,,,,,
16,14,;,,,,,,,,,
17,8,;,,,,,,,,,
18,3,;,,,,,,,,,
19,13,;,,,,,,,,,
20,1,;,,,,,,,,,
21,25,;,,,,,,,,,
22,5,;,,,,,,,,,
23,12,;,,,,,,,,,
24,1,;,,,,,,,,,
25,5,;,,,,,,,,,
36,1,;,,,,,,,,,
8,1,;,,,,,,,,,
37,2,;,,,,,,,,,
1,3,;,,,,,,,,,
12,3,;,,,,,,,,,
38,3,;,,,,,,,,,
9,4,;,,,,,,,,,
20,4,;,,,,,,,,,
11,4,;,,,,,,,,,
39,4,;,,,,,,,,,
40,4,;,,,,,,,,,
35,4,;,,,,,,,,,
35,5,;,,,,,,,,,
41,6,;,,,,,,,,,
42,7,;,,,,,,,,,
43,7,;,,,,,,,,,
25,7,;,,,,,,,,,
16,7,;,,,,,,,,,
18,7,;,,,,,,,,,
44,7,;,,,,,,,,,
45,7,;,,,,,,,,,
18,8,;,,,,,,,,,
20,8,;,,,,,,,,,
35,8,;,,,,,,,,,
31,9,;,,,,,,,,,
1,9,;,,,,,,,,,
25,9,;,,,,,,,,,
8,9,;,,,,,,,,,
31,10,;,,,,,,,,,
12,10,;,,,,,,,,,
25,10,;,,,,,,,,,
20,10,;,,,,,,,,,
5,11,;,,,,,,,,,
35,11,;,,,,,,,,,
44,12,;,,,,,,,,,
15,12,;,,,,,,,,,
8,12,;,,,,,,,,,
4,13,;,,,,,,,,,
8,13,;,,,,,,,,,
31,13,;,,,,,,,,,
13,14,;,,,,,,,,,
25,14,;,,,,,,,,,
29,14,;,,,,,,,,,
12,15,;,,,,,,,,,
18,15,;,,,,,,,,,
31,15,;,,,,,,,,,
37,15,;,,,,,,,,,
26,15,;,,,,,,,,,
30,16,;,,,,,,,,,
35,16,;,,,,,,,,,
14,16,;,,,,,,,,,
25,17,;,,,,,,,,,
8,17,;,,,,,,,,,
18,17,;,,,,,,,,,
15,18,;,,,,,,,,,
8,18,;,,,,,,,,,
10,18,;,,,,,,,,,
7,18,;,,,,,,,,,
11,18,;,,,,,,,,,
47,18,;,,,,,,,,,
47,19,;,,,,,,,,,
35,19,;,,,,,,,,,
20,19,;,,,,,,,,,
45,19,;,,,,,,,,,
25,19,;,,,,,,,,,
4,20,;,,,,,,,,,
9,20,;,,,,,,,,,
25,20,;,,,,,,,,,
25,21,;,,,,,,,,,
28,21,;,,,,,,,,,
43,21,;,,,,,,,,,
28,22,;,,,,,,,,,
10,22,;,,,,,,,,,
18,22,;,,,,,,,,,
5,23,;,,,,,,,,,
10,23,;,,,,,,,,,
18,23,;,,,,,,,,,
25,23,;,,,,,,,,,
1,24,;,,,,,,,,,
8,24,;,,,,,,,,,
18,24,;,,,,,,,,,
31,24,;,,,,,,,,,
10,25,;,,,,,,,,,
12,25,;,,,,,,,,,
17,25,;,,,,,,,,,
18,25,;,,,,,,,,,
;,Booking,;,,,,,,,,,
1,1,1,12,8,13/2/2022 18:00,Pending,1,1,1,;,
2,1,0,14,10,6/1/2022,Completed,2,2,2,;,
3,1,1,12,8,13/2/2022 18:00,Pending,3,1,1,;,
4,1,0,null,null,30/12/2021 12:00,Completed,4,4,4,;,
5,1,0,13,8,17/1/2022 18:00,Pending,5,5,5,;,
6,2,0,null,null,16/1/2022 15:00,Completed,6,6,6,;,
7,1,1,5,10,10/1/2022 18:00,Completed,7,7,7,;,
8,2,3,10,15,14/1/2022 13:00 pm,Pending,8,8,8,;,
9,4,0,9,null,1/1/2022 18:00,Completed,9,9,9,;,
10,1,2,14,10,1/1/2022 10:00,Pending,10,10,10,;,
11,2,1,null,null,5/2/2022 10:00,Pending,3,11,11,;,
12,1,0,null,null,3/2/2022 23:00 pm,Pending,11,12,12,;,
13,1,0,8,5,7/1/2022 13:00 pm,Completed,4,13,13,;,
14,2,0,5,null,20/1/2022 16:00 pm,Completed,5,14,14,;,
15,1,0,10,null,1/1/2022 16:00 pm,Completed,12,15,15,;,
16,1,0,13,8,19/1/2022 16:00 pm,Completed,13,19,5,;,
17,2,1,14,10,13/1/2022 15:00 pm,Completed,14,16,2,;,
18,2,0,13,7,9/2/2022 18:00 pm,Pending,15,17,3,;,
19,2,0,null,null,25/1/202 14:00 pm,Completed,16,20,6,;,
20,1,1,10,5,10/2/2022 12:00,Completed,17,7,7,;,
;,DishCategory,;,,,,,,,,,
4,1,;,,,,,,,,,
3,2,;,,,,,,,,,
2,3,;,,,,,,,,,
4,4,;,,,,,,,,,
3,5,;,,,,,,,,,
5,4,;,,,,,,,,,
1,10,;,,,,,,,,,
7,2,;,,,,,,,,,
8,7,;,,,,,,,,,
6,6,;,,,,,,,,,
3,8,;,,,,,,,,,
4,9,;,,,,,,,,,
4,11,;,,,,,,,,,
10,12,;,,,,,,,,,
2,13,;,,,,,,,,,
1,14,;,,,,,,,,,
3,15,;,,,,,,,,,
3,16,;,,,,,,,,,
10,17,;,,,,,,,,,
4,18,;,,,,,,,,,
1,19,;,,,,,,,,,
3,20,;,,,,,,,,,
11,21,;,,,,,,,,,
11,22,;,,,,,,,,,
3,23,;,,,,,,,,,
3,24,;,,,,,,,,,
3,25,;,,,,,,,,,
;,CsDish,;,,,,,,,,,
1,15,;,,,,,,,,,
2,20,;,,,,,,,,,
3,11,;,,,,,,,,,
4,15,;,,,,,,,,,
5,10,;,,,,,,,,,
6,10,;,,,,,,,,,
7,7,;,,,,,,,,,
8,13,;,,,,,,,,,
9,5,;,,,,,,,,,
10,7,;,,,,,,,,,
11,11.5,;,,,,,,,,,
12,10,;,,,,,,,,,
13,20,;,,,,,,,,,
14,5,;,,,,,,,,,
15,15,;,,,,,,,,,
16,5,;,,,,,,,,,
17,5,;,,,,,,,,,
18,3,;,,,,,,,,,
19,7.5,;,,,,,,,,,
20,10,;,,,,,,,,,
21,10,;,,,,,,,,,
22,11,;,,,,,,,,,
23,15,;,,,,,,,,,
24,8,;,,,,,,,,,
25,10,;,,,,,,,,,
